"GroupID","GroupName","OwnerID","OwnerName","OwnerType"
"GRP-0001","GRP-Legal-0001","EMP00628","Ishita Patel","Primary"
"GRP-0002","GRP-Finance-0002","EMP00143","Neha Iyer","Primary"
"GRP-0003","GRP-CustomerSuccess-0003","EMP00767","Aisha Kulkarni","Primary"
"GRP-0004","GRP-Security-0004","EMP00192","Priya Gupta","Primary"
"GRP-0005","GRP-Marketing-0005","EMP00269","Akash Menon","Primary"
"GRP-0006","GRP-Operations-0006","EMP00185","Rohan Kumar","Primary"
"GRP-0007","GRP-Engineering-0007","EMP00558","Ritika Singh","Primary"
"GRP-0008","GRP-Marketing-0008","EMP00129","Sanjay Patel","Primary"
"GRP-0009","GRP-Marketing-0009","EMP00123","Aisha Kulkarni","Primary"
"GRP-0010","GRP-Legal-0010","EMP00415","Vikram Patel","Primary"
"GRP-0011","GRP-Sales-0011","EMP00819","Rohan Reddy","Primary"
"GRP-0012","GRP-Legal-0012","EMP00564","Krishna Gupta","Primary"
"GRP-0013","GRP-Finance-0013","EMP00954","Rahul Kulkarni","Primary"
"GRP-0014","GRP-Sales-0014","","","No Owner"
"GRP-0015","GRP-Operations-0015","EMP00707","Diya Das","Primary"
"GRP-0016","GRP-HR-0016","EMP00562","Aarav Kulkarni","Primary"
"GRP-0017","GRP-CustomerSuccess-0017","EMP00659","Meera Verma","Primary"
"GRP-0018","GRP-Finance-0018","EMP00733","Aditya Iyer","Primary"
"GRP-0019","GRP-Operations-0019","EMP00423","Aditya Kulkarni","Primary"
"GRP-0020","GRP-Finance-0020","EMP00558","Ritika Singh","Primary"
"GRP-0021","GRP-CustomerSuccess-0021","EMP00739","Vivaan Joshi","Primary"
"GRP-0022","GRP-Operations-0022","EMP00476","Krishna Kumar","Primary"
"GRP-0023","GRP-Finance-0023","EMP00555","Aarav Menon","Primary"
"GRP-0024","GRP-Marketing-0024","EMP00379","Aarav Singh","Primary"
"GRP-0025","GRP-Engineering-0025","EMP00845","Neha Sharma","Primary"
"GRP-0026","GRP-HR-0026","","","No Owner"
"GRP-0027","GRP-IT-0027","EMP00906","Meera Kulkarni","Primary"
"GRP-0028","GRP-Security-0028","EMP00078","Vivaan Nair","Primary"
"GRP-0028","GRP-Security-0028","EMP00549","Rohan Joshi","Secondary"
"GRP-0029","GRP-Marketing-0029","EMP00891","Aisha Joshi","Primary"
"GRP-0030","GRP-CustomerSuccess-0030","EMP00942","Vivaan Gupta","Primary"
"GRP-0031","GRP-HR-0031","EMP00463","Vikram Kulkarni","Primary"
"GRP-0032","GRP-Legal-0032","EMP00513","Ananya Kapoor","Primary"
"GRP-0033","GRP-Sales-0033","EMP00425","Arjun Verma","Primary"
"GRP-0034","GRP-Finance-0034","EMP00717","Sneha Kapoor","Primary"
"GRP-0035","GRP-Marketing-0035","EMP00627","Akash Kapoor","Primary"
"GRP-0036","GRP-Marketing-0036","EMP00795","Kiran Singh","Primary"
"GRP-0037","GRP-Sales-0037","EMP00063","Ananya Kumar","Primary"
"GRP-0037","GRP-Sales-0037","EMP00539","Krishna Sharma","Secondary"
"GRP-0038","GRP-Operations-0038","EMP00413","Diya Kumar","Primary"
"GRP-0039","GRP-CustomerSuccess-0039","EMP00695","Aditya Menon","Primary"
"GRP-0040","GRP-HR-0040","EMP00146","Meera Sharma","Primary"
"GRP-0041","GRP-Finance-0041","EMP00478","Akash Kapoor","Primary"
"GRP-0042","GRP-Finance-0042","EMP00660","Vikram Menon","Primary"
"GRP-0043","GRP-Legal-0043","EMP00188","Meera Gupta","Primary"
"GRP-0044","GRP-Legal-0044","EMP00592","Aditya Rao","Primary"
"GRP-0045","GRP-Engineering-0045","EMP00336","Akash Das","Primary"
"GRP-0046","GRP-Engineering-0046","EMP00582","Vikram Patel","Primary"
"GRP-0047","GRP-Security-0047","EMP00979","Rahul Kumar","Primary"
"GRP-0048","GRP-Legal-0048","EMP00184","Aarav Gupta","Primary"
"GRP-0049","GRP-Security-0049","EMP00993","Meera Iyer","Primary"
"GRP-0050","GRP-Operations-0050","","","No Owner"
"GRP-0051","GRP-Engineering-0051","EMP00206","Aditya Joshi","Primary"
"GRP-0052","GRP-Legal-0052","EMP00046","Vikram Sharma","Primary"
"GRP-0053","GRP-Sales-0053","EMP00403","Meera Das","Primary"
"GRP-0054","GRP-Marketing-0054","EMP00519","Vikram Joshi","Primary"
"GRP-0055","GRP-Security-0055","EMP00539","Krishna Sharma","Primary"
"GRP-0056","GRP-Legal-0056","EMP00951","Ananya Reddy","Primary"
"GRP-0057","GRP-Finance-0057","EMP00850","Arjun Kulkarni","Primary"
"GRP-0058","GRP-Engineering-0058","","","No Owner"
"GRP-0059","GRP-CustomerSuccess-0059","EMP00803","Krishna Kapoor","Primary"
"GRP-0060","GRP-Finance-0060","EMP00098","Priya Joshi","Primary"
"GRP-0061","GRP-HR-0061","EMP00135","Kiran Nair","Primary"
"GRP-0062","GRP-Sales-0062","EMP00457","Aarav Gupta","Primary"
"GRP-0063","GRP-Finance-0063","EMP00572","Vikram Nair","Primary"
"GRP-0064","GRP-Legal-0064","EMP00416","Aarav Iyer","Primary"
"GRP-0065","GRP-HR-0065","EMP00452","Aarav Joshi","Primary"
"GRP-0065","GRP-HR-0065","EMP00607","Vivaan Gupta","Secondary"
"GRP-0066","GRP-HR-0066","EMP00159","Rohan Reddy","Primary"
"GRP-0066","GRP-HR-0066","EMP00834","Arjun Rao","Secondary"
"GRP-0067","GRP-Engineering-0067","EMP00888","Ritika Nair","Primary"
"GRP-0068","GRP-CustomerSuccess-0068","EMP00114","Aditya Gupta","Primary"
"GRP-0069","GRP-IT-0069","EMP00636","Ananya Kumar","Primary"
"GRP-0070","GRP-Security-0070","EMP00406","Ritika Menon","Primary"
"GRP-0071","GRP-CustomerSuccess-0071","EMP00633","Aditya Reddy","Primary"
"GRP-0072","GRP-Operations-0072","EMP00300","Meera Joshi","Primary"
"GRP-0073","GRP-HR-0073","EMP00028","Ritika Nair","Primary"
"GRP-0073","GRP-HR-0073","EMP00185","Rohan Kumar","Secondary"
"GRP-0074","GRP-IT-0074","EMP00982","Sneha Kulkarni","Primary"
"GRP-0075","GRP-Security-0075","EMP00437","Ishita Gupta","Primary"
"GRP-0076","GRP-Operations-0076","EMP00035","Sanjay Joshi","Primary"
"GRP-0077","GRP-Security-0077","EMP00652","Ananya Iyer","Primary"
"GRP-0077","GRP-Security-0077","EMP00065","Aditya Verma","Secondary"
"GRP-0078","GRP-Sales-0078","EMP00478","Akash Kapoor","Primary"
"GRP-0079","GRP-IT-0079","EMP00141","Sneha Joshi","Primary"
"GRP-0080","GRP-CustomerSuccess-0080","EMP00462","Vivaan Kumar","Primary"
"GRP-0081","GRP-Marketing-0081","EMP00648","Krishna Patel","Primary"
"GRP-0082","GRP-Security-0082","EMP00791","Sneha Sharma","Primary"
"GRP-0083","GRP-Finance-0083","EMP00804","Ritika Kumar","Primary"
"GRP-0084","GRP-Sales-0084","EMP00549","Rohan Joshi","Primary"
"GRP-0085","GRP-Finance-0085","EMP00773","Kiran Nair","Primary"
"GRP-0086","GRP-Security-0086","EMP00744","Neha Kumar","Primary"
"GRP-0087","GRP-CustomerSuccess-0087","","","No Owner"
"GRP-0088","GRP-Sales-0088","EMP00664","Akash Iyer","Primary"
"GRP-0089","GRP-Legal-0089","EMP00025","Vikram Patel","Primary"
"GRP-0090","GRP-IT-0090","","","No Owner"
"GRP-0091","GRP-Legal-0091","EMP00453","Aditya Kapoor","Primary"
"GRP-0092","GRP-IT-0092","","","No Owner"
"GRP-0093","GRP-CustomerSuccess-0093","EMP00842","Aarav Gupta","Primary"
"GRP-0094","GRP-CustomerSuccess-0094","EMP00640","Neha Das","Primary"
"GRP-0095","GRP-IT-0095","EMP00796","Rohan Nair","Primary"
"GRP-0096","GRP-Engineering-0096","EMP00805","Rohan Verma","Primary"
"GRP-0097","GRP-Operations-0097","EMP00332","Ananya Singh","Primary"
"GRP-0098","GRP-Security-0098","EMP00429","Ritika Gupta","Primary"
"GRP-0099","GRP-Security-0099","EMP00702","Ishita Joshi","Primary"
"GRP-0100","GRP-IT-0100","EMP00933","Arjun Nair","Primary"
"GRP-0101","GRP-Engineering-0101","EMP00954","Rahul Kulkarni","Primary"
"GRP-0102","GRP-Security-0102","EMP00071","Sanjay Kumar","Primary"
"GRP-0103","GRP-CustomerSuccess-0103","EMP00137","Vivaan Sharma","Primary"
"GRP-0104","GRP-Finance-0104","EMP00495","Rahul Sharma","Primary"
"GRP-0105","GRP-Engineering-0105","EMP00247","Arjun Kapoor","Primary"
"GRP-0106","GRP-IT-0106","","","No Owner"
"GRP-0107","GRP-Legal-0107","EMP00640","Neha Das","Primary"
"GRP-0108","GRP-Engineering-0108","","","No Owner"
"GRP-0109","GRP-IT-0109","EMP00062","Krishna Sharma","Primary"
"GRP-0110","GRP-Operations-0110","EMP00777","Rohan Sharma","Primary"
"GRP-0111","GRP-HR-0111","EMP00755","Vikram Menon","Primary"
"GRP-0112","GRP-Legal-0112","EMP00091","Vikram Kapoor","Primary"
"GRP-0113","GRP-HR-0113","EMP00851","Vikram Sharma","Primary"
"GRP-0114","GRP-IT-0114","EMP00708","Aisha Joshi","Primary"
"GRP-0115","GRP-Marketing-0115","EMP00153","Aisha Patel","Primary"
"GRP-0116","GRP-Operations-0116","EMP00718","Arjun Kumar","Primary"
"GRP-0117","GRP-Operations-0117","EMP00198","Kiran Menon","Primary"
"GRP-0118","GRP-Operations-0118","EMP00974","Ritika Joshi","Primary"
"GRP-0119","GRP-IT-0119","EMP00878","Sanjay Sharma","Primary"
"GRP-0120","GRP-Sales-0120","EMP00218","Ritika Verma","Primary"
"GRP-0121","GRP-Legal-0121","EMP00020","Neha Patel","Primary"
"GRP-0122","GRP-CustomerSuccess-0122","EMP00710","Diya Das","Primary"
"GRP-0123","GRP-Engineering-0123","EMP00905","Aditya Sharma","Primary"
"GRP-0124","GRP-Engineering-0124","EMP00188","Meera Gupta","Primary"
"GRP-0125","GRP-Marketing-0125","EMP00108","Rohan Kulkarni","Primary"
"GRP-0126","GRP-Engineering-0126","EMP00844","Kiran Verma","Primary"
"GRP-0127","GRP-CustomerSuccess-0127","EMP00855","Aisha Kumar","Primary"
"GRP-0128","GRP-HR-0128","EMP00111","Akash Reddy","Primary"
"GRP-0129","GRP-Marketing-0129","EMP00432","Akash Verma","Primary"
"GRP-0130","GRP-CustomerSuccess-0130","EMP00088","Ritika Reddy","Primary"
"GRP-0131","GRP-Engineering-0131","EMP00205","Sanjay Joshi","Primary"
"GRP-0132","GRP-Legal-0132","EMP00483","Aarav Das","Primary"
"GRP-0133","GRP-Operations-0133","EMP00951","Ananya Reddy","Primary"
"GRP-0134","GRP-Engineering-0134","EMP00133","Rohan Rao","Primary"
"GRP-0135","GRP-HR-0135","EMP00279","Vivaan Nair","Primary"
"GRP-0136","GRP-HR-0136","EMP00253","Rahul Rao","Primary"
"GRP-0137","GRP-Legal-0137","","","No Owner"
"GRP-0138","GRP-Security-0138","EMP00909","Sanjay Nair","Primary"
"GRP-0139","GRP-Operations-0139","EMP00716","Diya Iyer","Primary"
"GRP-0140","GRP-IT-0140","","","No Owner"
"GRP-0141","GRP-CustomerSuccess-0141","EMP00596","Meera Gupta","Primary"
"GRP-0142","GRP-Sales-0142","EMP00446","Ishita Kulkarni","Primary"
"GRP-0143","GRP-Legal-0143","EMP00769","Krishna Kumar","Primary"
"GRP-0144","GRP-CustomerSuccess-0144","EMP00277","Meera Singh","Primary"
"GRP-0145","GRP-Sales-0145","EMP00424","Aarav Gupta","Primary"
"GRP-0145","GRP-Sales-0145","EMP00922","Vikram Kulkarni","Secondary"
"GRP-0146","GRP-IT-0146","EMP00963","Vivaan Reddy","Primary"
"GRP-0147","GRP-Engineering-0147","EMP00699","Krishna Gupta","Primary"
"GRP-0148","GRP-HR-0148","EMP00663","Ananya Singh","Primary"
"GRP-0149","GRP-Legal-0149","EMP00569","Krishna Reddy","Primary"
"GRP-0150","GRP-HR-0150","EMP00679","Krishna Nair","Primary"
"GRP-0151","GRP-Marketing-0151","EMP00639","Krishna Reddy","Primary"
"GRP-0152","GRP-Operations-0152","EMP00923","Rohan Patel","Primary"
"GRP-0153","GRP-HR-0153","","","No Owner"
"GRP-0154","GRP-HR-0154","EMP00320","Diya Kumar","Primary"
"GRP-0155","GRP-Engineering-0155","EMP00810","Diya Iyer","Primary"
"GRP-0156","GRP-IT-0156","EMP00633","Aditya Reddy","Primary"
"GRP-0157","GRP-Marketing-0157","EMP00351","Diya Nair","Primary"
"GRP-0158","GRP-Sales-0158","EMP00030","Ishita Iyer","Primary"
"GRP-0159","GRP-Sales-0159","EMP00635","Vivaan Kulkarni","Primary"
"GRP-0160","GRP-IT-0160","EMP00906","Meera Kulkarni","Primary"
"GRP-0161","GRP-Marketing-0161","EMP00444","Kiran Nair","Primary"
"GRP-0162","GRP-Sales-0162","EMP00509","Rohan Das","Primary"
"GRP-0163","GRP-Engineering-0163","EMP00544","Vivaan Rao","Primary"
"GRP-0164","GRP-IT-0164","EMP00543","Ananya Kumar","Primary"
"GRP-0165","GRP-Security-0165","EMP00178","Aditya Nair","Primary"
"GRP-0166","GRP-Engineering-0166","EMP00836","Sneha Reddy","Primary"
"GRP-0167","GRP-Operations-0167","EMP00505","Akash Nair","Primary"
"GRP-0168","GRP-Operations-0168","EMP00356","Meera Gupta","Primary"
"GRP-0169","GRP-CustomerSuccess-0169","EMP00082","Aisha Menon","Primary"
"GRP-0170","GRP-Sales-0170","EMP00728","Vivaan Singh","Primary"
"GRP-0170","GRP-Sales-0170","EMP00709","Sneha Kulkarni","Secondary"
"GRP-0171","GRP-IT-0171","EMP00266","Vivaan Sharma","Primary"
"GRP-0172","GRP-Security-0172","EMP00715","Krishna Verma","Primary"
"GRP-0173","GRP-Engineering-0173","EMP00870","Diya Sharma","Primary"
"GRP-0174","GRP-Marketing-0174","EMP00471","Ananya Singh","Primary"
"GRP-0175","GRP-Security-0175","","","No Owner"
"GRP-0176","GRP-Marketing-0176","","","No Owner"
"GRP-0177","GRP-Finance-0177","EMP00032","Rahul Singh","Primary"
"GRP-0178","GRP-CustomerSuccess-0178","","","No Owner"
"GRP-0179","GRP-Legal-0179","EMP00204","Priya Verma","Primary"
"GRP-0180","GRP-Legal-0180","EMP00817","Sneha Verma","Primary"
"GRP-0181","GRP-IT-0181","EMP00490","Vivaan Singh","Primary"
"GRP-0182","GRP-Sales-0182","","","No Owner"
"GRP-0183","GRP-Finance-0183","EMP00906","Meera Kulkarni","Primary"
"GRP-0184","GRP-CustomerSuccess-0184","EMP00059","Ananya Rao","Primary"
"GRP-0185","GRP-HR-0185","EMP00311","Neha Sharma","Primary"
"GRP-0186","GRP-Sales-0186","","","No Owner"
"GRP-0187","GRP-IT-0187","EMP00751","Arjun Das","Primary"
"GRP-0188","GRP-Finance-0188","EMP00879","Ritika Menon","Primary"
"GRP-0189","GRP-HR-0189","EMP00607","Vivaan Gupta","Primary"
"GRP-0190","GRP-Security-0190","EMP00572","Vikram Nair","Primary"
"GRP-0191","GRP-IT-0191","EMP00818","Sanjay Nair","Primary"
"GRP-0192","GRP-Finance-0192","EMP00632","Diya Das","Primary"
"GRP-0193","GRP-Marketing-0193","EMP00709","Sneha Kulkarni","Primary"
"GRP-0194","GRP-Operations-0194","EMP00543","Ananya Kumar","Primary"
"GRP-0195","GRP-Security-0195","EMP00983","Sanjay Joshi","Primary"
"GRP-0196","GRP-HR-0196","EMP00318","Ananya Rao","Primary"
"GRP-0197","GRP-Sales-0197","EMP00780","Ishita Patel","Primary"
"GRP-0198","GRP-Sales-0198","EMP00188","Meera Gupta","Primary"
"GRP-0199","GRP-Sales-0199","EMP00808","Sanjay Sharma","Primary"
"GRP-0200","GRP-Sales-0200","EMP00829","Sanjay Kumar","Primary"
"GRP-0201","GRP-Security-0201","EMP00612","Akash Iyer","Primary"
"GRP-0202","GRP-Sales-0202","EMP00048","Rohan Kumar","Primary"
"GRP-0203","GRP-Security-0203","EMP00921","Ritika Gupta","Primary"
"GRP-0204","GRP-IT-0204","EMP00738","Meera Nair","Primary"
"GRP-0205","GRP-Engineering-0205","EMP00854","Neha Nair","Primary"
"GRP-0206","GRP-Security-0206","EMP00746","Vikram Sharma","Primary"
"GRP-0207","GRP-IT-0207","EMP00785","Priya Menon","Primary"
"GRP-0208","GRP-CustomerSuccess-0208","EMP00272","Ishita Verma","Primary"
"GRP-0209","GRP-Legal-0209","EMP00849","Kiran Reddy","Primary"
"GRP-0210","GRP-IT-0210","EMP00012","Meera Nair","Primary"
"GRP-0211","GRP-Finance-0211","EMP00755","Vikram Menon","Primary"
"GRP-0212","GRP-Security-0212","EMP00764","Ritika Iyer","Primary"
"GRP-0213","GRP-HR-0213","","","No Owner"
"GRP-0214","GRP-IT-0214","EMP00823","Neha Singh","Primary"
"GRP-0215","GRP-IT-0215","EMP00015","Ishita Kulkarni","Primary"
"GRP-0216","GRP-CustomerSuccess-0216","EMP00244","Vikram Reddy","Primary"
"GRP-0217","GRP-IT-0217","EMP00908","Rahul Patel","Primary"
"GRP-0218","GRP-Marketing-0218","EMP00617","Priya Singh","Primary"
"GRP-0219","GRP-Marketing-0219","EMP00105","Krishna Nair","Primary"
"GRP-0220","GRP-HR-0220","EMP00893","Ritika Nair","Primary"
"GRP-0221","GRP-Engineering-0221","EMP00690","Aisha Kumar","Primary"
"GRP-0222","GRP-CustomerSuccess-0222","EMP00215","Aditya Kapoor","Primary"
"GRP-0223","GRP-Sales-0223","EMP00374","Ishita Das","Primary"
"GRP-0224","GRP-Legal-0224","EMP00539","Krishna Sharma","Primary"
"GRP-0225","GRP-CustomerSuccess-0225","EMP00744","Neha Kumar","Primary"
"GRP-0226","GRP-IT-0226","EMP00237","Diya Kapoor","Primary"
"GRP-0227","GRP-Operations-0227","EMP00023","Diya Verma","Primary"
"GRP-0228","GRP-Marketing-0228","EMP00692","Vikram Gupta","Primary"
"GRP-0229","GRP-Marketing-0229","EMP00534","Akash Reddy","Primary"
"GRP-0230","GRP-HR-0230","EMP00492","Vikram Iyer","Primary"
"GRP-0231","GRP-CustomerSuccess-0231","EMP00831","Rahul Menon","Primary"
"GRP-0232","GRP-Legal-0232","EMP00490","Vivaan Singh","Primary"
"GRP-0232","GRP-Legal-0232","EMP00444","Kiran Nair","Secondary"
"GRP-0233","GRP-Legal-0233","EMP00170","Vikram Kulkarni","Primary"
"GRP-0234","GRP-HR-0234","EMP00345","Arjun Gupta","Primary"
"GRP-0235","GRP-Legal-0235","EMP00216","Meera Gupta","Primary"
"GRP-0236","GRP-CustomerSuccess-0236","EMP00036","Priya Singh","Primary"
"GRP-0237","GRP-Legal-0237","EMP00107","Diya Sharma","Primary"
"GRP-0238","GRP-Marketing-0238","EMP00477","Aditya Reddy","Primary"
"GRP-0238","GRP-Marketing-0238","EMP00178","Aditya Nair","Secondary"
"GRP-0239","GRP-HR-0239","EMP00106","Aisha Das","Primary"
"GRP-0240","GRP-CustomerSuccess-0240","EMP00035","Sanjay Joshi","Primary"
"GRP-0241","GRP-Sales-0241","","","No Owner"
"GRP-0242","GRP-Finance-0242","EMP00143","Neha Iyer","Primary"
"GRP-0243","GRP-Marketing-0243","","","No Owner"
"GRP-0244","GRP-Engineering-0244","EMP00074","Neha Das","Primary"
"GRP-0245","GRP-Sales-0245","EMP00087","Aditya Kumar","Primary"
"GRP-0246","GRP-Engineering-0246","EMP00839","Rahul Iyer","Primary"
"GRP-0247","GRP-Finance-0247","EMP00058","Vivaan Das","Primary"
"GRP-0248","GRP-Sales-0248","EMP00612","Akash Iyer","Primary"
"GRP-0249","GRP-HR-0249","EMP00993","Meera Iyer","Primary"
"GRP-0250","GRP-Sales-0250","EMP00140","Ritika Kapoor","Primary"
"GRP-0251","GRP-Marketing-0251","EMP00623","Vivaan Kumar","Primary"
"GRP-0252","GRP-HR-0252","EMP00327","Priya Reddy","Primary"
"GRP-0253","GRP-IT-0253","EMP00403","Meera Das","Primary"
"GRP-0254","GRP-HR-0254","EMP00101","Rohan Reddy","Primary"
"GRP-0255","GRP-Finance-0255","EMP00751","Arjun Das","Primary"
"GRP-0256","GRP-CustomerSuccess-0256","EMP00929","Priya Sharma","Primary"
"GRP-0257","GRP-Finance-0257","EMP00822","Meera Patel","Primary"
"GRP-0258","GRP-Engineering-0258","EMP00093","Ishita Kulkarni","Primary"
"GRP-0259","GRP-Sales-0259","EMP00180","Krishna Sharma","Primary"
"GRP-0260","GRP-Legal-0260","","","No Owner"
"GRP-0261","GRP-Marketing-0261","EMP00228","Vivaan Kulkarni","Primary"
"GRP-0262","GRP-CustomerSuccess-0262","EMP00026","Ishita Das","Primary"
"GRP-0263","GRP-Security-0263","EMP00738","Meera Nair","Primary"
"GRP-0264","GRP-Operations-0264","EMP00337","Sneha Kulkarni","Primary"
"GRP-0265","GRP-Operations-0265","EMP00150","Sneha Kumar","Primary"
"GRP-0266","GRP-Legal-0266","EMP00424","Aarav Gupta","Primary"
"GRP-0267","GRP-Finance-0267","EMP00817","Sneha Verma","Primary"
"GRP-0268","GRP-Finance-0268","EMP00489","Ishita Menon","Primary"
"GRP-0269","GRP-HR-0269","EMP00155","Ananya Reddy","Primary"
"GRP-0270","GRP-HR-0270","EMP00954","Rahul Kulkarni","Primary"
"GRP-0271","GRP-Sales-0271","EMP00327","Priya Reddy","Primary"
"GRP-0272","GRP-CustomerSuccess-0272","EMP00474","Sanjay Sharma","Primary"
"GRP-0273","GRP-CustomerSuccess-0273","EMP00241","Meera Singh","Primary"
"GRP-0274","GRP-Operations-0274","EMP00944","Ananya Kulkarni","Primary"
"GRP-0275","GRP-IT-0275","EMP00035","Sanjay Joshi","Primary"
"GRP-0276","GRP-HR-0276","EMP00590","Aarav Singh","Primary"
"GRP-0277","GRP-Operations-0277","EMP00787","Rohan Rao","Primary"
"GRP-0278","GRP-Marketing-0278","EMP00607","Vivaan Gupta","Primary"
"GRP-0279","GRP-Finance-0279","EMP00481","Sneha Kulkarni","Primary"
"GRP-0280","GRP-Sales-0280","EMP00170","Vikram Kulkarni","Primary"
"GRP-0281","GRP-CustomerSuccess-0281","EMP00656","Meera Joshi","Primary"
"GRP-0282","GRP-Operations-0282","EMP00982","Sneha Kulkarni","Primary"
"GRP-0283","GRP-Operations-0283","EMP00761","Krishna Joshi","Primary"
"GRP-0284","GRP-Engineering-0284","EMP00006","Aditya Joshi","Primary"
"GRP-0285","GRP-Legal-0285","EMP00896","Sneha Joshi","Primary"
"GRP-0286","GRP-IT-0286","EMP00312","Kiran Kumar","Primary"
"GRP-0287","GRP-Operations-0287","EMP00959","Vikram Kulkarni","Primary"
"GRP-0288","GRP-Finance-0288","EMP00862","Rahul Nair","Primary"
"GRP-0289","GRP-Legal-0289","EMP00613","Diya Nair","Primary"
"GRP-0290","GRP-Finance-0290","EMP00419","Sanjay Menon","Primary"
"GRP-0291","GRP-Operations-0291","EMP00937","Krishna Das","Primary"
"GRP-0292","GRP-Security-0292","","","No Owner"
"GRP-0293","GRP-Legal-0293","EMP00392","Kiran Verma","Primary"
"GRP-0294","GRP-HR-0294","","","No Owner"
"GRP-0295","GRP-CustomerSuccess-0295","EMP00460","Aditya Sharma","Primary"
"GRP-0296","GRP-Security-0296","EMP00611","Kiran Singh","Primary"
"GRP-0297","GRP-Finance-0297","EMP00866","Sanjay Rao","Primary"
"GRP-0298","GRP-Security-0298","EMP00490","Vivaan Singh","Primary"
"GRP-0299","GRP-Finance-0299","EMP00682","Ishita Das","Primary"
"GRP-0300","GRP-Security-0300","EMP00702","Ishita Joshi","Primary"
"GRP-0301","GRP-Sales-0301","EMP00008","Diya Reddy","Primary"
"GRP-0302","GRP-Marketing-0302","","","No Owner"
"GRP-0303","GRP-Engineering-0303","EMP00654","Vivaan Menon","Primary"
"GRP-0304","GRP-Legal-0304","EMP00014","Vivaan Kumar","Primary"
"GRP-0305","GRP-Sales-0305","EMP00925","Meera Kapoor","Primary"
"GRP-0306","GRP-Finance-0306","EMP00966","Vivaan Kapoor","Primary"
"GRP-0307","GRP-Security-0307","EMP00570","Ritika Gupta","Primary"
"GRP-0308","GRP-Legal-0308","EMP00389","Rohan Kumar","Primary"
"GRP-0309","GRP-Operations-0309","EMP00085","Meera Nair","Primary"
"GRP-0310","GRP-Legal-0310","EMP00209","Ananya Patel","Primary"
"GRP-0311","GRP-IT-0311","EMP00184","Aarav Gupta","Primary"
"GRP-0312","GRP-Engineering-0312","","","No Owner"
"GRP-0313","GRP-Legal-0313","EMP00286","Krishna Sharma","Primary"
"GRP-0314","GRP-Legal-0314","EMP00809","Akash Gupta","Primary"
"GRP-0315","GRP-IT-0315","EMP00126","Vivaan Kumar","Primary"
"GRP-0316","GRP-Sales-0316","EMP00480","Meera Sharma","Primary"
"GRP-0317","GRP-Security-0317","EMP00463","Vikram Kulkarni","Primary"
"GRP-0318","GRP-Operations-0318","EMP00975","Sneha Patel","Primary"
"GRP-0319","GRP-Legal-0319","EMP00109","Ananya Patel","Primary"
"GRP-0320","GRP-Finance-0320","EMP00536","Aisha Kapoor","Primary"
"GRP-0321","GRP-Marketing-0321","EMP00549","Rohan Joshi","Primary"
"GRP-0322","GRP-Operations-0322","EMP00969","Neha Rao","Primary"
"GRP-0323","GRP-Finance-0323","EMP00980","Akash Kumar","Primary"
"GRP-0324","GRP-Sales-0324","EMP00227","Sneha Joshi","Primary"
"GRP-0325","GRP-IT-0325","EMP00272","Ishita Verma","Primary"
"GRP-0326","GRP-Sales-0326","EMP00600","Meera Rao","Primary"
"GRP-0327","GRP-Sales-0327","EMP00354","Arjun Iyer","Primary"
"GRP-0327","GRP-Sales-0327","EMP00295","Priya Kulkarni","Secondary"
"GRP-0328","GRP-HR-0328","EMP00489","Ishita Menon","Primary"
"GRP-0329","GRP-Engineering-0329","EMP00940","Kiran Rao","Primary"
"GRP-0330","GRP-Legal-0330","EMP00536","Aisha Kapoor","Primary"
"GRP-0331","GRP-Operations-0331","EMP00917","Sanjay Das","Primary"
"GRP-0332","GRP-Finance-0332","EMP00998","Krishna Kumar","Primary"
"GRP-0333","GRP-Finance-0333","","","No Owner"
"GRP-0334","GRP-Marketing-0334","EMP00392","Kiran Verma","Primary"
"GRP-0335","GRP-HR-0335","EMP00074","Neha Das","Primary"
"GRP-0336","GRP-Security-0336","EMP00602","Sanjay Kulkarni","Primary"
"GRP-0337","GRP-Marketing-0337","EMP00653","Aditya Kumar","Primary"
"GRP-0338","GRP-Legal-0338","EMP00289","Ritika Reddy","Primary"
"GRP-0339","GRP-Legal-0339","EMP00145","Kiran Verma","Primary"
"GRP-0340","GRP-CustomerSuccess-0340","EMP00866","Sanjay Rao","Primary"
"GRP-0341","GRP-Marketing-0341","EMP00406","Ritika Menon","Primary"
"GRP-0342","GRP-Engineering-0342","EMP00459","Akash Kumar","Primary"
"GRP-0343","GRP-Engineering-0343","","","No Owner"
"GRP-0344","GRP-Marketing-0344","EMP00961","Rohan Patel","Primary"
"GRP-0345","GRP-Marketing-0345","","","No Owner"
"GRP-0346","GRP-Sales-0346","EMP00089","Priya Reddy","Primary"
"GRP-0347","GRP-Security-0347","EMP00661","Sanjay Sharma","Primary"
"GRP-0348","GRP-Operations-0348","EMP00539","Krishna Sharma","Primary"
"GRP-0349","GRP-IT-0349","EMP00451","Aditya Sharma","Primary"
"GRP-0350","GRP-Sales-0350","EMP00472","Neha Kumar","Primary"
"GRP-0351","GRP-Engineering-0351","EMP00275","Priya Iyer","Primary"
"GRP-0352","GRP-Sales-0352","EMP00718","Arjun Kumar","Primary"
"GRP-0353","GRP-Legal-0353","EMP00958","Kiran Rao","Primary"
"GRP-0354","GRP-Marketing-0354","EMP00765","Aisha Joshi","Primary"
"GRP-0355","GRP-Sales-0355","EMP00123","Aisha Kulkarni","Primary"
"GRP-0356","GRP-Sales-0356","EMP00716","Diya Iyer","Primary"
"GRP-0357","GRP-Finance-0357","EMP00749","Aditya Iyer","Primary"
"GRP-0358","GRP-Marketing-0358","EMP00198","Kiran Menon","Primary"
"GRP-0359","GRP-IT-0359","","","No Owner"
"GRP-0360","GRP-Finance-0360","EMP00801","Sanjay Patel","Primary"
"GRP-0361","GRP-Sales-0361","EMP00853","Vivaan Verma","Primary"
"GRP-0362","GRP-Sales-0362","EMP00756","Ishita Rao","Primary"
"GRP-0363","GRP-HR-0363","EMP00199","Priya Patel","Primary"
"GRP-0364","GRP-HR-0364","EMP00897","Ishita Reddy","Primary"
"GRP-0365","GRP-Security-0365","EMP00888","Ritika Nair","Primary"
"GRP-0366","GRP-Operations-0366","","","No Owner"
"GRP-0367","GRP-IT-0367","EMP00529","Vikram Sharma","Primary"
"GRP-0368","GRP-IT-0368","","","No Owner"
"GRP-0369","GRP-HR-0369","EMP00176","Arjun Joshi","Primary"
"GRP-0370","GRP-Finance-0370","","","No Owner"
"GRP-0371","GRP-Finance-0371","EMP00343","Krishna Verma","Primary"
"GRP-0372","GRP-Engineering-0372","EMP00385","Rahul Iyer","Primary"
"GRP-0373","GRP-Security-0373","EMP00486","Vivaan Gupta","Primary"
"GRP-0374","GRP-Engineering-0374","EMP00967","Vikram Joshi","Primary"
"GRP-0375","GRP-Marketing-0375","EMP00723","Sneha Menon","Primary"
"GRP-0376","GRP-CustomerSuccess-0376","EMP00155","Ananya Reddy","Primary"
"GRP-0377","GRP-Legal-0377","EMP00572","Vikram Nair","Primary"
"GRP-0378","GRP-Sales-0378","EMP00692","Vikram Gupta","Primary"
"GRP-0379","GRP-Security-0379","","","No Owner"
"GRP-0380","GRP-Security-0380","EMP00467","Krishna Nair","Primary"
"GRP-0381","GRP-Security-0381","EMP00420","Vivaan Rao","Primary"
"GRP-0382","GRP-Operations-0382","EMP00415","Vikram Patel","Primary"
"GRP-0383","GRP-IT-0383","","","No Owner"
"GRP-0384","GRP-IT-0384","EMP00107","Diya Sharma","Primary"
"GRP-0385","GRP-Sales-0385","","","No Owner"
"GRP-0386","GRP-Security-0386","EMP00968","Ishita Patel","Primary"
"GRP-0387","GRP-Finance-0387","EMP00664","Akash Iyer","Primary"
"GRP-0388","GRP-Security-0388","EMP00035","Sanjay Joshi","Primary"
"GRP-0389","GRP-Legal-0389","EMP00164","Rahul Sharma","Primary"
"GRP-0390","GRP-Operations-0390","EMP00830","Arjun Gupta","Primary"
"GRP-0390","GRP-Operations-0390","EMP00168","Arjun Singh","Secondary"
"GRP-0391","GRP-Operations-0391","EMP00753","Aarav Kulkarni","Primary"
"GRP-0392","GRP-Sales-0392","EMP00560","Rohan Joshi","Primary"
"GRP-0393","GRP-Sales-0393","EMP00317","Aisha Das","Primary"
"GRP-0394","GRP-HR-0394","EMP00135","Kiran Nair","Primary"
"GRP-0394","GRP-HR-0394","EMP00157","Ritika Nair","Secondary"
"GRP-0395","GRP-IT-0395","EMP00892","Neha Menon","Primary"
"GRP-0396","GRP-Operations-0396","EMP00811","Sneha Reddy","Primary"
"GRP-0397","GRP-Finance-0397","EMP00096","Priya Iyer","Primary"
"GRP-0398","GRP-Engineering-0398","EMP00377","Ritika Das","Primary"
"GRP-0399","GRP-Operations-0399","EMP00998","Krishna Kumar","Primary"
"GRP-0400","GRP-Sales-0400","EMP00814","Sanjay Gupta","Primary"
"GRP-0401","GRP-Legal-0401","EMP00014","Vivaan Kumar","Primary"
"GRP-0402","GRP-Finance-0402","","","No Owner"
"GRP-0403","GRP-Security-0403","EMP00982","Sneha Kulkarni","Primary"
"GRP-0404","GRP-Security-0404","EMP00134","Rahul Rao","Primary"
"GRP-0405","GRP-Security-0405","","","No Owner"
"GRP-0406","GRP-IT-0406","EMP00474","Sanjay Sharma","Primary"
"GRP-0407","GRP-CustomerSuccess-0407","EMP00019","Akash Verma","Primary"
"GRP-0408","GRP-IT-0408","EMP00439","Ishita Sharma","Primary"
"GRP-0409","GRP-HR-0409","EMP00981","Sanjay Menon","Primary"
"GRP-0410","GRP-Operations-0410","EMP00950","Kiran Menon","Primary"
"GRP-0411","GRP-IT-0411","","","No Owner"
"GRP-0412","GRP-IT-0412","EMP00010","Sanjay Kumar","Primary"
"GRP-0413","GRP-Engineering-0413","EMP00923","Rohan Patel","Primary"
"GRP-0414","GRP-Engineering-0414","EMP00378","Aarav Menon","Primary"
"GRP-0415","GRP-Operations-0415","EMP00987","Akash Rao","Primary"
"GRP-0416","GRP-Operations-0416","EMP00543","Ananya Kumar","Primary"
"GRP-0417","GRP-Operations-0417","EMP00891","Aisha Joshi","Primary"
"GRP-0418","GRP-HR-0418","EMP00955","Aarav Joshi","Primary"
"GRP-0419","GRP-Engineering-0419","EMP00805","Rohan Verma","Primary"
"GRP-0420","GRP-HR-0420","EMP00593","Aarav Joshi","Primary"
"GRP-0421","GRP-Operations-0421","","","No Owner"
"GRP-0422","GRP-HR-0422","EMP00107","Diya Sharma","Primary"
"GRP-0423","GRP-Legal-0423","EMP00607","Vivaan Gupta","Primary"
"GRP-0424","GRP-Operations-0424","EMP00233","Ritika Kapoor","Primary"
"GRP-0425","GRP-IT-0425","EMP00178","Aditya Nair","Primary"
"GRP-0426","GRP-Security-0426","EMP00822","Meera Patel","Primary"
"GRP-0427","GRP-Legal-0427","EMP00098","Priya Joshi","Primary"
"GRP-0428","GRP-Security-0428","EMP00991","Aarav Rao","Primary"
"GRP-0429","GRP-HR-0429","EMP00220","Krishna Rao","Primary"
"GRP-0430","GRP-Finance-0430","EMP00990","Rahul Menon","Primary"
"GRP-0431","GRP-IT-0431","EMP00216","Meera Gupta","Primary"
"GRP-0432","GRP-IT-0432","EMP00465","Meera Das","Primary"
"GRP-0433","GRP-Sales-0433","EMP00925","Meera Kapoor","Primary"
"GRP-0434","GRP-Marketing-0434","EMP00402","Rahul Kapoor","Primary"
"GRP-0435","GRP-Legal-0435","EMP00359","Akash Reddy","Primary"
"GRP-0436","GRP-CustomerSuccess-0436","EMP00516","Neha Kulkarni","Primary"
"GRP-0437","GRP-HR-0437","EMP00271","Akash Joshi","Primary"
"GRP-0438","GRP-Security-0438","EMP00614","Aarav Gupta","Primary"
"GRP-0439","GRP-CustomerSuccess-0439","EMP00359","Akash Reddy","Primary"
"GRP-0440","GRP-Marketing-0440","EMP00255","Ishita Nair","Primary"
"GRP-0441","GRP-CustomerSuccess-0441","EMP00151","Aarav Joshi","Primary"
"GRP-0442","GRP-HR-0442","EMP00059","Ananya Rao","Primary"
"GRP-0443","GRP-Finance-0443","","","No Owner"
"GRP-0444","GRP-HR-0444","EMP00301","Sneha Sharma","Primary"
"GRP-0445","GRP-HR-0445","EMP00820","Ananya Patel","Primary"
"GRP-0446","GRP-Sales-0446","EMP00681","Vivaan Rao","Primary"
"GRP-0447","GRP-Legal-0447","EMP00465","Meera Das","Primary"
"GRP-0448","GRP-CustomerSuccess-0448","EMP00863","Kiran Iyer","Primary"
"GRP-0449","GRP-Operations-0449","EMP00822","Meera Patel","Primary"
"GRP-0450","GRP-Finance-0450","EMP00968","Ishita Patel","Primary"
"GRP-0451","GRP-IT-0451","EMP00441","Ishita Kapoor","Primary"
"GRP-0452","GRP-HR-0452","EMP00994","Rohan Das","Primary"
"GRP-0453","GRP-IT-0453","","","No Owner"
"GRP-0454","GRP-CustomerSuccess-0454","EMP00284","Ritika Menon","Primary"
"GRP-0455","GRP-CustomerSuccess-0455","EMP00468","Krishna Kumar","Primary"
"GRP-0456","GRP-HR-0456","EMP00884","Rohan Verma","Primary"
"GRP-0457","GRP-Legal-0457","EMP00253","Rahul Rao","Primary"
"GRP-0458","GRP-Finance-0458","EMP00144","Rahul Patel","Primary"
"GRP-0459","GRP-Operations-0459","EMP00269","Akash Menon","Primary"
"GRP-0459","GRP-Operations-0459","EMP00447","Sanjay Kulkarni","Secondary"
"GRP-0460","GRP-Sales-0460","EMP00334","Vivaan Kulkarni","Primary"
"GRP-0461","GRP-Operations-0461","EMP00162","Akash Iyer","Primary"
"GRP-0462","GRP-CustomerSuccess-0462","","","No Owner"
"GRP-0463","GRP-Operations-0463","EMP00157","Ritika Nair","Primary"
"GRP-0464","GRP-Engineering-0464","EMP00781","Diya Rao","Primary"
"GRP-0465","GRP-Marketing-0465","EMP00440","Meera Nair","Primary"
"GRP-0466","GRP-CustomerSuccess-0466","EMP00948","Vivaan Gupta","Primary"
"GRP-0467","GRP-Sales-0467","EMP00308","Sanjay Singh","Primary"
"GRP-0468","GRP-HR-0468","EMP00398","Arjun Sharma","Primary"
"GRP-0469","GRP-IT-0469","EMP00069","Rahul Kapoor","Primary"
"GRP-0470","GRP-Security-0470","EMP00690","Aisha Kumar","Primary"
"GRP-0471","GRP-IT-0471","EMP00259","Priya Singh","Primary"
"GRP-0472","GRP-Legal-0472","EMP00763","Ananya Das","Primary"
"GRP-0473","GRP-IT-0473","EMP00590","Aarav Singh","Primary"
"GRP-0474","GRP-Legal-0474","EMP00626","Ishita Rao","Primary"
"GRP-0475","GRP-CustomerSuccess-0475","EMP00263","Diya Das","Primary"
"GRP-0476","GRP-Sales-0476","EMP00170","Vikram Kulkarni","Primary"
"GRP-0477","GRP-Operations-0477","EMP00046","Vikram Sharma","Primary"
"GRP-0478","GRP-Operations-0478","EMP00784","Vivaan Nair","Primary"
"GRP-0479","GRP-HR-0479","EMP00640","Neha Das","Primary"
"GRP-0480","GRP-Sales-0480","EMP00475","Vikram Iyer","Primary"
"GRP-0481","GRP-Marketing-0481","EMP00177","Neha Kumar","Primary"
"GRP-0482","GRP-IT-0482","EMP00225","Vikram Singh","Primary"
"GRP-0483","GRP-HR-0483","EMP00578","Ritika Iyer","Primary"
"GRP-0484","GRP-CustomerSuccess-0484","EMP00567","Aisha Verma","Primary"
"GRP-0485","GRP-Legal-0485","EMP00664","Akash Iyer","Primary"
"GRP-0486","GRP-Operations-0486","EMP00844","Kiran Verma","Primary"
"GRP-0487","GRP-Legal-0487","EMP00580","Rohan Kumar","Primary"
"GRP-0488","GRP-Engineering-0488","EMP00342","Ananya Nair","Primary"
"GRP-0489","GRP-CustomerSuccess-0489","EMP00762","Diya Kapoor","Primary"
"GRP-0490","GRP-Engineering-0490","EMP00245","Ritika Iyer","Primary"
"GRP-0491","GRP-Operations-0491","EMP00672","Krishna Das","Primary"
"GRP-0492","GRP-IT-0492","EMP00686","Meera Kapoor","Primary"
"GRP-0493","GRP-Sales-0493","EMP00524","Ananya Kumar","Primary"
"GRP-0494","GRP-Marketing-0494","EMP00760","Meera Joshi","Primary"
"GRP-0495","GRP-IT-0495","","","No Owner"
"GRP-0496","GRP-HR-0496","","","No Owner"
"GRP-0497","GRP-Finance-0497","","","No Owner"
"GRP-0498","GRP-Legal-0498","EMP00096","Priya Iyer","Primary"
"GRP-0499","GRP-HR-0499","EMP00867","Ritika Reddy","Primary"
"GRP-0500","GRP-Security-0500","EMP00510","Kiran Das","Primary"
